category,unique_specialty_count,hbp_estimated_cost_inr_low,hbp_estimated_cost_inr_high,hbp_cost_confidence,hbp_cost_source_label,hbp_cost_source_url,specialties
"Administration, Operations & Support Services",14,1500,10000,Planning proxy,AB PM-JAY HBP 2.0 Rate List,https://ayushmanup.in/assets/doc/HBP-2.0-Rate-List.pdf,All Specialities; Ambulance Services; Engineering and Maintenance; General Administration; Health Checkup; Health Checkups; Healthcare Tourism; Home Collection; Multispeciality; Other Specialties; Outpatient Services; Pharmacy; Specialist Consultation; Superspeciality
Alternative & Integrative Medicine,31,2000,7500,HBP proxy,AB PM-JAY HBP 2.0 Rate List,https://ayushmanup.in/assets/doc/HBP-2.0-Rate-List.pdf,Acupressure; Ayurveda; Ayurvedic; Ayurvedic Treatments; Holistic Therapies; Homeopath; Homeopathic; Homeopathic Doctors; Homeopathy; Homoeopath; Homoeopathy; Kaya Chikitsa; Kayachikitsa; Marma Chikitsa; Meru Chikitsa; Naturopathy; Panchakarma; Panchakarma Chikitsa; Prasuti Tantra Evum Stri Roga; Rasa Chikitsa; Rasayana Chikitsa; Salakya Chikitsa; Shalakya Tantra; Shalakyatantra; Shalya Chikitsa; Shalya Tantra; Shalyatantra; Unani Hospitals; Vajikarana Chikitsa; Visha Chikitsa; Yoga and Naturopathy
Anesthesia & Pain Medicine,38,6500,35000,HBP proxy,AB PM-JAY HBP 2.0 Rate List,https://ayushmanup.in/assets/doc/HBP-2.0-Rate-List.pdf,Ambulatory Anesthesiology; Anaesthesiologist; Anesthesia; Anesthesiapainmanagement; Anesthesiologist; Anesthesiology; Anesthesiology Department; Anesthesiology and Pain Management; Back and Neck Pain; Chronic Pain; Department of Endoscopic Anesthesia; Hospice and Palliative Medicine Anesthesiology; Interventional Pain Management; Interventional Pain Medicine; Interventional Pain Physicians; Interventional Pain Therapy; Low Back Pain; Orofacial Pain; Pain Clinic; Pain Management; Pain Management Clinic; Pain Management Interventional; Pain Management Pmr; Pain Management and Palliative Care; Pain Medicine; Pain Medicine Anesthesiology; Pain Medicine Pmr; Pain Palliative; Pain Palliative Care; Pain Palliative Medicine; Pain Relief; Pain and Palliative Care; Pain and Palliative Medicine; Painmanagement; Perioperative Anesthesia; Regional Anesthesiology and Acute Pain; Spinal Pain Therapy; Sympathetic Nerve Block
Cardiology & Cardiothoracic,98,5000,45000,HBP direct/proxy,AB PM-JAY HBP 2.0 Rate List,https://ayushmanup.in/assets/doc/HBP-2.0-Rate-List.pdf,Adult Cardiac Anesthesiology; Adult Congenital Cardiologist; CTVS; CVTS; Cardiac; Cardiac Anaesthesiology; Cardiac Anesthesia; Cardiac Anesthesiology; Cardiac Care; Cardiac Catheterisation; Cardiac Diagnostics; Cardiac Diseases; Cardiac Electro Physiologist; Cardiac Electro Physiology; Cardiac Electrophysiology; Cardiac Invasive Procedures; Cardiac Physiotherapy; Cardiac Rehabilitation; Cardiac Rehabilitation and Physiotherapy; Cardiac Science; Cardiac Sciences; Cardiac Surgeon; Cardiac Surgery; Cardiac and Cardiothoracic Surgery; Cardiac and Pulmonary Rehabilitation; Cardiacsurgery; Cardio Oncology; Cardio Thoracic; Cardio Thoracic Surgery; Cardio Thoracic Vascular Surgery; Cardio Thoracic and Vascular Surgery; Cardio Vascular Surgeon; Cardio Vascular and Thoracic Surgery; Cardiologist; Cardiology; Cardiology Cardiac Surgery; Cardiology Care; Cardiology ENT; Cardiology Interventional; Cardiology Tests; Cardiology Thrombolysis; Cardiology and Cardiothoracic Surgery; Cardiology and Critical Coronary Care; Cardiology and Electrophysiology; Cardiology and Interventional Cardiology; Cardiothoracic; Cardiothoracic Radiology; Cardiothoracic Surgeon; Cardiothoracic Surgery; Cardiothoracic Vascular Surgery; Cardiothoracic and Cardiovascular Surgery; Cardiovascular Care Services; Cardiovascular Surgery; Cardiovascular Thoracic; Cardiovascular Thoracic Surgery; Cardiovascular and Thoracic Surgery; Carerisk Management of Heart Disease; Clinical Cardiologist; Clinical Cardiology; Coronary Angiography; Coronary Angioplasty; Diagnostic Cardiology; Echocardiography; Echocardiologist; Electrophysiology; Fetal Prenatal Eco Cardiography; Heart Failure Clinic; Heart Lung Transplant; Heart Transplant; Heart Valve Centre; Heart and Lung Transplant; Heart and Lung Transplant Centre; Heart and Lung Transplantation; Intensive Cardiac Care Centre; Interventional Cardiologist; Interventional Cardiology; Interventional Cardiology Centre; Neuro Electrophysiology; Non Interventional Cardiology; Non Invasive Cardiology; Non Invasive Cardiology Centre; Noninvasive Cardiology; Noninvasive Cardiology Centre; Paediatric Cardiac Centre; Paediatric Cardiac Sciences; Paediatric Cardiology; Pediatric CVTS Cardio Vascular and Thoracic Surgery; Pediatric Cardiac Centre; Pediatric Cardiac Services; Pediatric Cardiac Surgery; Pediatric Cardiologist; Pediatric Cardiology; Preventive Cardiologist; Preventive Cardiology; Sports Cardiology; Transradial Cardiology; Valvular Heart Surgery; Womens Cardiology Care
"Dental, Oral & Maxillofacial",281,3000,22000,HBP proxy,AB PM-JAY HBP 2.0 Rate List,https://ayushmanup.in/assets/doc/HBP-2.0-Rate-List.pdf,Acrylic Partial Denture; Advanced Dentistry; Aesthetic Dentistry; Aligners; All On 46 Implant; Attachment Partial Dentures; Attachmentpartialdentures; Braces; Braces Aligners; Braces Treatment; Bridges; Bridges and Crowns; Broken Tooth Repair; Cast Partial Denture; Cavity Filling; Clear Aligners; Cochlear Implant Evaluation and Rehabilitation; Community Dentistry; Community Dentistry Public Health Dentistry; Community Oral Health Care Program; Complete Dentistry; Comprehensive Oral Healthcare; Computer Guided Implant Surgery; Conservative Dentistry; Conservative Dentistry and Endodontics; Conservative and Endodontics; Cosmetic Aesthetic Dentistry; Cosmetic Dentistry; Cosmetic Dentists; Cosmetic Fillings; Cosmetic Maxillofacial Surgery; Cosmetics Dentistry; Cosmetics and Aesthetics Dentistry; Craniofacial and Cleft Oral Maxillofacial Surgery; Craniomaxillofacial Surgery; Crown Bridges; Crown Lengthening; Crown and Bridge; Crownbridges; Crowns; Crowns and Bridges; Crowns and Bridges Fixing; D Dentistry; Deep Scaling and Polishing; Dental; Dental Aligners; Dental Anesthesia; Dental Bridges; Dental Care; Dental Cleanings; Dental Cosmetic and Implantology; Dental Crown; Dental Exams; Dental Fillings; Dental Imaging; Dental Implant; Dental Implantology; Dental Implants; Dental Jewellery; Dental Lab; Dental Laser Treatment; Dental Lasers; Dental Material; Dental Materials; Dental Maxillofacial; Dental Maxillofacial Radiology; Dental Maxillofacial Surgery; Dental Medicine; Dental Omfs; Dental Radiology; Dental Restoration; Dental Science; Dental Sciences; Dental Sedation; Dental Surgeon; Dental Surgery; Dental Treatment; Dental Veneers; Dental Xray; Dental Xrays; Dental and Maxillofacial; Dental and Maxillofacial Surgery; Dental and Oral Surgery; Dentalspecialtysuperspecialty; Dentist; Dentistry; Dentistry General Dentistry; Dentistry Maxillofacial Surgery; Dentistry Oral Surgery; Dentistry Periodontal; Dentistry Prosthodontic; Dentistry and Oral Surgery; Dentistrydentistry; Denture; Dentures; Diagnostic and Preventive Dental; Digital Dentistry; Digital Smile Design; Digital Smile Designing; Elderly Dentistry; Endodontia; Endodontics; Endodontics and Conservative Dentistry; Endodontist; Esthetic Dentistry; Family Dentistry; Fillings; Fixed Prosthodontics; Full Mouth Dental Implants; General Community Dentistry; General Dentistry; Geriatric Dentistry; Gingivoplasty; Gum Depigmentation; Gum Specialists; Gum Surgery; Gum Treatments; Holistic Dentistry; Hypnodontics; Impacted Tooth Extraction; Impaction Tooth Extraction; Implant; Implant Dentistry; Implant Prosthesis; Implant Services; Implantable Contacts Lenses; Implantalogy; Implantdentistry; Implantologist; Implantology; Implants; Instantteethwhitening; Invisalign; Invisalign Provider; Invisalign Treatment; Invisalign and Braces; Invisible Braces; Invisible Braces and Clear Aligners; Invisible Teeth Aligners; Kids Dentistry; Laser Dentistory; Laser Dentistry; Malaligned Teeth; Maxillo Facial Prosthetics; Maxillo Facial Prosthodontics; Maxillo Facial Surgery; Maxillofacial Prosthesis; Maxillofacial Prosthetics; Maxillofacial Surgery; Maxillofacial and Dental Surgery; Maxillofacialprosthesis; Micro Dentistry; Microscope Dentistry; Microscopic Dentistry; Mini Implants; Onedaycompletedenture; Oral Biopsy Procedures; Oral Diagnosis Medicine and Radiology; Oral Diagnosis Radiology; Oral Diagnosis and Radiology; Oral Histology; Oral Implantology; Oral Maxillo Facial Radiology; Oral Maxillofacial; Oral Maxillofacial Radiology; Oral Maxillofacial Surgery; Oral Medicine; Oral Medicine Radiology; Oral Medicine Radiology and Pathology; Oral Medicine and Radiology; Oral Motricity; Oral Pathology; Oral Pathology and Forensic Odontology; Oral Pathology and Microbiology; Oral Prophylaxis; Oral Radiology; Oral Radiology and Diagnosis; Oral Submucous Fibrosis; Oral Submucous Fibrosis Treatment; Oral Surgery; Oral Surgery Procedures; Oral Surgical Procedures; Oral and Craniomaxillofacial Surgery; Oral and Dental Surgery; Oral and Maxillo Facial Surgery; Oral and Maxillo Surgery; Oral and Maxillofacial Pathology; Oral and Maxillofacial Pathology and Microbiology; Oral and Maxillofacial Pathology and Oral Microbiology; Oral and Maxillofacial Radiology; Oral and Maxillofacial Surgeon; Oral and Maxillofacial Surgery; Orofacial Pain and Oral Medicine; Oromaxillo Facial and Reconstructive Surgery; Overdenture; Pacemaker Implant Techniques; Pacemaker Implantation; Pain Free Dentistry; Painless Dentistry; Painless Laser Gum Surgery; Peridontics; Periodontal; Periodontal Care; Periodontal Dentistry; Periodontal Flap Surgery; Periodontal Gum Care; Periodontal Plastic Surgery; Periodontal Surgery; Periodontia; Periodontic Surgery; Periodontics; Periodontics Plastic Surgery; Periodontics and Dental Implants; Periodontics and Implantology; Periodontics and Oral Implantology; Periodontist; Periodontists; Periodontology; Periodontology and Implantology; Periodontology and Oral Implantology; Periondontics; Preventive Dental Care; Preventive Dentistry; Preventive and Community Dentistry; Preventive and Minimally Invasive Dentistry; Prosthetic Dentistry; Prosthodontia; Prosthodontics; Prosthodontics Crown Bridge; Prosthodontics Crown Bridge Implantology; Prosthodontics Implantology; Prosthodontics Restorative Dentistry; Prosthodontics With Crown and Bridge; Prosthodontics and Crown Bridge; Prosthodontics and Crown and Bridge; Prosthodontics and Implantology; Prosthodontist; Prosthodontoics; Psychiatry and Behavioral Health; Public Health Dentistry; Removable Partial Dentures; Restorative Dentistry; Restorative and Prosthetic Dentistry; Scaling Polishing; Scaling and Polishing; Scaling and Root Planing; Sedation Dentistry; Sleep Airway Dentistry; Sleep Dentistry; Sleeping Dentistry; Smile; Smile Correction; Smile Design; Smile Designing; Smile Pro; Social and Behavioral Sciences; Special Care Dentistry; Specialty Cosmetic Dentistry; Sports Dentistry; Sports Dentistry and Mouthguards; Teeth Bleaching; Teeth Cleaning; Teeth Replacement; Teeth Straightening; Teeth Whitening; Tmj; Tmj Disorder; Tmj Disorder Treatments; Tmj Disorders; Tmj Surgery; Tmj Treatment; Tooth Colour Fillings; Tooth Coloured F Illing; Tooth Extraction; Tooth Extractions; Tooth Whitening; Traditional Braces; Veneers Laminates; Wisdom Tooth Extraction; Wisdom Tooth Removal; Zoom Teeth Whitening
"Dermatology, Plastic & Aesthetic",101,6500,80000,HBP direct/proxy,AB PM-JAY HBP 2.0 Rate List,https://ayushmanup.in/assets/doc/HBP-2.0-Rate-List.pdf,Acne Scar Treatment; Aesthetic Dermatology; Aesthetic Surgery; Aesthetic and Cosmetic Surgery; Birthmark Removal; Breast Reduction; Burn General Surgery; Burn Management; Burn Unit; Burn and Plastic Surgery; Burns; Burns Center; Burns Management; Burns Specialist; Burns Surgery; Burns and Plastic Surgery; Cosmetic Bonding; Cosmetic Dermatology; Cosmetic Gynocology; Cosmetic Surgery; Cosmetic and Aesthetic Surgery; Cosmetic and Cosmetic Surgery; Cosmetic and Plastic Surgery; Cosmetic and Reconstructive Surgery; Cosmetics; Cosmetologist; Cosmetology; Cosmetology Dermatology; Craniofacial and Aesthetic Surgery; Dermato Surgery; Dermatologist; Dermatology; Dermatology and Venereology; Dermatologycosmetology; Dermatologyvenereology; Dermatopathology; Dermatosurgery; Excessive Sweating Treatment; Facial Aesthetics; Facial Plastic Surgery; Genetic Dermatology; Genomics and Molecular Diagnostics; Geriatric Dermatology; Hair Fall Treatment; Hair Transplant; Hair Transplant Surgeon; Hair Transplantation; Hair and Nail Disorders; Immunodermatology and Complex Medical Dermatology; Laser Hair Removal; Liposuction; Male Breast Reduction; Melasma Treatment; Microsurgery and Transplant Plastic Surgery; Miscarriage Clinic; Mole Removal; Molecular Biology; Molecular Biology and Genetics; Molecular Diagnostics; Molecular Laboratory; Molecular Microbiology; Molecular Pathology; Molecular Testing; Nail Problem; Nuclear Medicine and Molecular Imaging; Oculo Plastic Surgery; Oculo Plastics and Reconstructive Orbital Surgery; Oculoplastic Surgery; Oculoplastics and Reconstructive Orbital Surgery; Ooculoplastics and Reconstructive Orbital Surgery; Plastic Cosmetic Surgery; Plastic Reconstructive Surgery; Plastic Surgeon; Plastic Surgery; Plastic Surgery Cosmetic Surgery; Plastic and Cosmetic Surgery; Plastic and Reconstructive Surgery; Plasticcosmeticsurgery; Plasticsurgery; Podiatric Dermatology; Procedural Dermatology; Pruritus Ani; Psoriasis Treatment; Reconstructive Plastic Surgery; Rhinoplasty; Rhinoplasty and Facial Plastic Surgery; Skin; Skin Rejuvenation; Skin and Cosmetic; Skin and Vd; Skin of Color Dermatology; Stretch Marks Removal; Tattoo Removal; Tropical Dermatology; Venereology; Venereology and Sexology; Venerology; Vitiligo Surgery; Vitiligo Treatment; Wound Healing An Dermatologic Regenerative Medicine; Wound Healing and Dermatologic Regenerative Medicine
"Diagnostics, Pathology & Laboratory",95,1500,13000,HBP proxy,AB PM-JAY HBP 2.0 Rate List,https://ayushmanup.in/assets/doc/HBP-2.0-Rate-List.pdf,24 Hours Diagnostics; Advanced Pathology; Anatomic Pathology; Bacteriology; Bacteriology Lab; Bacteriology Laboratory; Bio Chemistry; Bio Chemistry Pathology and Microbiology; Biochemistry; Biochemistry Lab; Blood Bank; Blood Centre; Blood Storage Unit; Breast Pathology; Clinical Biochemistry; Clinical Biochemistry and Therapeutic Drug Monitoring; Clinical Chemistry; Clinical Laboratory; Clinical Laboratory Services Translational Research; Clinical Microbiology; Clinical Microbiology and Serology; Clinical Pathology; Clinical Pharmacology; Coagulation; Contract Genetic Testing; Cytology; Cytology Histopathology; Cytology Laboratory; Cytopathology; Diagnostic Radiology; Diagnostic Testing; Diagnostics; Diagnostics Blood Bank; Diagnostics Radiology; Flow Cytometry; Forensic Medicine and Toxicology; General Pathology; Genetic Testing; Genetics and Diagnostics; Haematopathology; Hematopathology; High End Testing; Histo Pathology; Histocytopathology; Histopathology; Histopathology Cytology; Histopathology Laboratory; Hormonal Assays Lab; Hormone Laboratory; Immunoassay; Immunoassays; Immunopathology; Karyotyping; Lab Medicine; Laboratory; Laboratory Medicine; Laboratory Sciences; Laboratory Services; Medical Microbiology; Medical Toxicology Em; Microbiology; Microbiology Lab; Microbiology Laboratory; Microbiology and Infectious Diease Serology; Mycology; Mycology Laboratory; Organ Testing; Parasitology; Parasitology Laboratory; Pathology; Pathology Laboratory; Pathology and Cytology; Pathology and Microbiology; Pcr Testing; Pharmacology; Preventive Medical Toxicology; Radio Diagnostics; Routine Microbiology; Serology; Serology Lab; Serology Laboratory; Special Serology; Specialized Genetic Testing; Surgical Pathology; Toxicology; Toxicology and Occupational Health; Toxicopathology; Transfusion Medicine Or Blood Bank; Transfusion Medicine and Blood Bank; Transfusion Medicine and Blood Centre; Urodynamic Lab; Virology; Virology Lab; Virology Laboratory; Visual Field Testing Services
"ENT, Head & Neck",41,6500,40000,HBP proxy,AB PM-JAY HBP 2.0 Rate List,https://ayushmanup.in/assets/doc/HBP-2.0-Rate-List.pdf,Audiologist; Audiologists; Audiology; Audiology and Speech Pathology; Audiology and Speech Therapy; Audiometry; Diagnostic Otorhinolaryngology; Dysphonia; ENT; ENT / Otolaryngology; ENT / Otorhinolaryngology; ENT Head and Neck Surgery; ENT Otolaryngologists; ENT Specialist; ENT Surgeon; ENT Surgery; ENT and Head Neck Surgery; Ear Nose Throat; Ear Nose Throat Surgery; Earnosethroat ENT Specialist; Facial Plastics and Reconstructive Otolaryngology; Facial Plasts and Reconstructive Otolaryngology; Head Neck Surgery; Head Neck Surgery Otolaryngology; Head and Neck Surgery Otolaryngology; Laryngology; Otolaryngology; Otology; Otorhinolaryngology; Parotid Mass; Rhinology; Sleep Medicine Otolaryngology; Speech Pathology and Audiology; Speech and Audiology; Speech and Swallow Clinic; Speech and Swallowing Therapy; Swallowing and Dysphagia; Swallowing and Feeding Therapy; Tongue Tie; Voice Therapy; Voice and Fluency
"Emergency, Trauma & Critical Care",116,1500,10000,HBP direct/proxy,AB PM-JAY HBP 2.0 Rate List,https://ayushmanup.in/assets/doc/HBP-2.0-Rate-List.pdf,Accident Emergency Medicine; Accident Fracture Care; Accident Trauma; Accident Trauma Care; Accident and Critical Care; Accident and Emergency; Accident and Trauma; Accident and Trauma Care; Addiction Emergency Medicine; Adult Critical Care Medicare; Anaesthesia Critical Care; Anaesthesia Intensive Care; Anaesthesiology Critical Care; Anaesthesiology and Critical Care; Anesthesia and Critical Care; Anesthesiology and Critical Care; Burn and Trauma Plastic Surgery; Burns and Trauma Plastic Surgery; Cardiac Intensive Care; Complex Trauma; Craniomaxillofacial Trauma Surgery; Critaical Care Emergency; Critical Care; Critical Care Doctor; Critical Care Intensive Care; Critical Care Medicine; Critical Care Medicine Anesthesiology; Critical Intensive Care; Criticalcare; Emergency Critical Care; Emergency Dental Care; Emergency Dentistry; Emergency Medical Services; Emergency Medicine; Emergency Medicine Doctor; Emergency Preparedness and Disaster Response; Emergency Psychiatry; Emergency Radiology; Emergency Trauma Care; Emergencymedicine; Eye Trauma and Emergency Eye Care; Facial Trauma; Facial Trauma Care; Fracture and Trauma Clinic; General Medicine and Emergency; General Medicine and ICU; Hand Trauma Surgery; ICU; ICU Critical Care; ICU and Critical Care; Intensive Care; Intensive Care Medicine; Intensive Care Physician and Critical Care; Intensive Care Unit; Intensive and Critical Care; Intensivecritical Care; Intensivist; Intensivist Anaesthesiologist; Internal Medicine and Critical Care; Isolation ICU; Medicine and Critical Care; Neonatal Critical Care; Neonatal Intensive Care Unit; Neuro Critical Care; Neuro Critical Care Neurosurgery; Neuro Intensive Care; Neuro Trauma; Neuro Trauma Surgery; Neurocritical Care; Neurocritical Care Anesthesia; Neurocritical Care Neurosurgery; Neurointensive Care; Neurotrauma; Neurotrauma Neurosurgery; Orthopaedic Trauma Facture Management; Orthopaedics Trauma and Sports Medicine; Orthopaedics and Trauma; Orthopedic Trauma; Orthopedic Trauma Care; Orthopedic Trauma Specialist; Orthopedic Trauma and Complex Fracture Surgery; Orthopedic Trauma and Fracture Surgery; Orthopedics Traumatology; Orthopedics and Traumatology; Paediatric Critical Care Medicine; Paediatric Emergency; Paediatric Intensive Care Unit; Pediatric Critical Care Medicine; Pediatric Dental Emergency; Pediatric Emergency Medicine; Pediatric Intensive Care; Pediatric Intensive Care Unit; Pediatric Intensivist; Pediatric Neurosurgery and Trauma; Pediatric Trauma; Pediatrics Neonatal Critical Care; Poly Trauma; Poly Trauma and Accident Care; Polytrauma; Polytrauma and Fracture; Pulmonary Sciences and Critical Care; Respiratory Medicine and Critical Care; Trauma Anesthesiology; Trauma Care; Trauma Centre; Trauma Critical Care; Trauma Fracture Care; Trauma Orthopaedic; Trauma Reconstruction; Trauma Surgery; Trauma and Emergency; Trauma and Fracture Surgery; Trauma and Joint Replacement; Trauma and Orthopaedics; Traumacarecentre; Traumatology
"Endocrinology, Diabetes & Metabolic",47,1500,9000,HBP proxy,AB PM-JAY HBP 2.0 Rate List,https://ayushmanup.in/assets/doc/HBP-2.0-Rate-List.pdf,Bariatric Surgery; Bariatric Surgery Metabolic; Bariatric Surgery and Metabolic Assessment; Bariatrics; Ca Thyroid; Carerisk Management of Diabetes; Diabetes; Diabetes Centre; Diabetes Management; Diabetes and Endocrinology; Diabetes and Metabolic Disorders; Diabetes and Obesity; Diabetic Centre of Excellence; Diabetic Eyecare; Diabetic Foot Surgery; Diabetic Foot and Wound Care; Diabetologist; Diabetology; Diabetology and Endocrinology; Diagnostic Endocrinology; Dietitian and Diabetes Educator; Endocrine Surgery; Endocrine and Diabetes and Metabolism; Endocrinologist; Endocrinology; Endocrinology and Diabetes; Endocrinology and Diabetes and Metabolism; Endocrinology and Diabetology; Endocrinology and Endocrine Surgery; Endocrinology and Metabolism; General Medicine and Diabetology; Gestational Diabetes; Internal Medicine and Diabetology; Metabolic Physician; Metabolic Surgery; Metabolic and Bariatric Surgery; Metabolicdisorder; Metabolicsurgery; Minimally Access Bariatric and Metabolic Surgery; Obesity; Obesity and Diabetic Surgery; Obesityweight Loss Programs; Podiatric Diabetic Foot; Thyroid Health; Thyroid Surgery; Thyroid and Parathyroid Clinic; Thyroid and Parathyroid Disorders
"Gastroenterology, Hepatobiliary & Colorectal",118,6000,60000,HBP proxy,AB PM-JAY HBP 2.0 Rate List,https://ayushmanup.in/assets/doc/HBP-2.0-Rate-List.pdf,Acute Liver Failure; Advance Laparoscopic Surgery; Advanced Laparoscopic Urology; Anal Abscess; Anal Fissure; Anal Fistula; Anal Polyp; Anal Polyp Treatment; Anal Warts; Anorectal Clinical Service; Anorectal Surgery; Appendicitis; Av Fistula Creation for Dialysis; Billiary Sciences; Capsule Endoscopy; Coloproctology; Colorectal Surgeon; Colorectal Surgery; Constipation; Diagnostic and Advanced Laparoscopic Surgery; Endoscopy; Endoscopy Centre; Endoscopy Laproscopy; Endoscopy Services; Endoscopy and Laparoscopy; Endoscopy and Medical Gastroenterology; Fistula In Ano; Gallbladder Stones; Gastro Enterology and Laproscopic Surgery; Gastro Intestinal Surgeon; Gastro Intestinal Surgery; Gastro Sciences; Gastro Surgery; Gastroenterologist; Gastroenterology; Gastroenterology Hepatobiliary Surgery; Gastroenterology Hepatology; Gastroenterology and Hepatobiliary Sciences; Gastroenterology and Hepatobiliary Surgery; Gastroenterology and Hepatology; Gastroenterology and Laparoscopic Surgery; Gastroentrology; Gastroentrology and Laproscopic Surgery; Gastrointestinal Science; Gastrointestinal Surgeon; Gastrointestinal Surgery; Gastrointestinal and General Surgery; Gastrointestinal and Hpb Surgery; Gastrointestinal and Laparoscopic Surgery; Gastrointestinal and Minimally Invasive Surgery; Gastrointestinalendoscopy; Gastrology; Gastroscience; Gastrosciences; Gastrosurgery; General Gastro Intestinal Surgery; General Laparoscopic Surgery; General and Laparoscopic Surgery; Hepato Biliary Pancreatic; Hepato Bililary Surgery; Hepato Pancreato Biliary; Hepatobiliary Surgery; Hepatobiliary Surgery Centre; Hepatologist; Hepatology; Hepatology and Gastroenterology; Hepatology and Liver Disease Management; Hepatology and Liver Diseases; Hepatopancreatobili Surgery; Hepatopancreatobiliary Surgery; Hernia; Hernia Repair Surgery; Hernia Surgery; Ibs; Intrathecal Drug Delivery System; Laparoscopic General Surgery; Laparoscopic Kidney Surgery; Laparoscopic Pyeloplasty; Laparoscopic Surgeon; Laparoscopic Surgery; Laparoscopic Varicocelectomy; Laparoscopy; Laparoscopy Laser Surgery; Laparoscopy Surgery; Liver Care; Liver Diseases; Liver Diseases Centre; Liver Transplant; Liver Transplant and Biliary Sciences; Liver Transplant and GI Surgery; Liver Transplant and Hepatobiliary Sciences; Liver Transplant and Hepatobiliary Surgery; Liver Transplantation; Liver Transplantation Centre; Liver Transplantation and Hepatobiliary Surgery; Liver and Pancreas Surgery; Medical Gastroenterology; Minimal Access Gastro Intestinal and Hepatobiliary Surgery; Minimally Invasive Advanced Laparoscopic Surgeries; Minimally Invasive Advanced Laparoscopic Surgery; Onesittingrootcanaltreatment; Piles; Piles Arsha; Piles Fissure and Haemorrhoids; Piles Surgery; Proctology; Proctology Surgery; Proctologysurgery; Prolapse of The Pelvic Organs; Rectal Prolapse; Root Canal; Root Canal Specialists; Root Canal Treatment; Surgical Gastro; Surgical Gastro Enterology; Surgical Gastroenterology; Surgical Gastroenterology and Liver Transplantation; Whipple Specimen
"General Medicine, Family & Internal Medicine",67,1500,7500,HBP direct/proxy,AB PM-JAY HBP 2.0 Rate List,https://ayushmanup.in/assets/doc/HBP-2.0-Rate-List.pdf,Addiction Internal Medicine; Addiction Medicine Pm; Addiction Medicine Pmr; Aerospace Medicine; Alternative Medicine; Alternative Medicine Specialist; Alternative Medicine and Holistic Health; Alternative Medicines; Alternative System of Medicine; Blood Transfusion Medicine; Chronic Disease Prevention and Lifestyle Medicine; Community Medicine; Complementary Medicine Bowen Technique; Family Medicine; Family Physician; Family and General Medicine; Family and Preventive Medicine; Fetal and Maternal Medicine; Fetomaternal Medicine; Foetal Medicine; General Internal Medicine; General Medicine; General Physician; General Physicians; Geratrics Internal Medicine; Geriatric Internal Medicine; Geriatric Medicine; Geriatrics Internal Medicine; Headache Medicine; Holistic Medicine Specialist; Hospice and Palliative Internal Medicine; Hospice and Palliative Medicine; Hospital Medicine; Integrated Medicine; Integrative Medicine; Integrative Medicine Yoga; Internal Medicine; Internalmedicine; Maternal Fetal Medicine Or Perinatology; Medicine; Medicine Genetics; Occupational and Environmental Medicine; Palliative Medicine; Phys Physical Medicine and Rehabilitation; Physical Medicine; Physical Medicine and Rehabilitation; Physician; Precision Medicine; Preventive Medicine; Regenerative Medicine; Regenerative Medicine Pmr; Rehabilitation Medicine; Sex Medicine; Sexual Medicine; Sexual Medicine and Marital Therapy; Sleep Medicine; Smoking Medicine Pmr; Speech Medicine Pmr; Sport Medicine; Sport Medicine Pmr; Sports Internal Medicine; Telemedicine; Thoracic Medicine; Transfusion Medicine; Transfusion Medicine and Cellular Therapy; Translational Medicine; Undersea and Hyperbaric Medicine
"General, Laparoscopic & Minimal Access Surgery",101,10000,65000,HBP proxy,AB PM-JAY HBP 2.0 Rate List,https://ayushmanup.in/assets/doc/HBP-2.0-Rate-List.pdf,Acute Care Surgery; Advanced Robotic Surgery; Brachial Plexus Surgery; Breast Surgeries; Breast Surgery; Cleft Lip and Palate Surgery; Cleft and Craniofacial Surgery; Craniofacial Surgery; Cv Junction Surgery; Dentoalveolar Surgery; Disc Replacement Surgery; Ear Reconstruction Surgery; Endoscopic Surgeries; Endoscopic Surgery; Endovascular Surgery; Epilepsy Surgery; Esophago Gastric Surgery; Face Reconstruction Surgery; Facial Feminization Surgery; Fasciomaxillary Surgery; Female Pelvic Medicine and Reconstructive Surgery; Flap Surgery; Foot Surgery; Foot and Ankle Surgery; GI Surgery; Gall Stone Surgery; Gastric Surgery; Gender Affirmation Surgery; Gender Affirming Surgery; General Surgeon; General Surgery; General Thoracic Surgery; Generalsurgery; Genital Surgeries; Genital Surgery; HIPEC and Pipac Surgery; Hand Or Upper Extremities Surgery; Hand Or Upper Extremities and Peripheral Nerve Surgery; Hand Or Upper Extremity and Peripheral Nerve Surgery; Hand Surgery; Hand and Foot Surgeries; Hand and Micro Surgery; Hand and Upper Extremities Surgery; Hand and Wrist Surgery; Head and Neck Surgery; Hpb GI Surgery; Laproscopic Surgery; Laser Lip Surgery; Laser Surgery; Lymphedema Supermicrosurgery; Micro Surgery; Micro Vascular Surgery; Microvascular Surgery; Minimal Access Robotic Surgery; Minimal Access Surgery; Minimal Invasive Surgery; Minimally Invasive Laser Surgeon; Minimally Invasive Surgery; Nerve Surgeries; Nose Reconstruction Surgery; Palate Surgery; Pancreatic Surgery; Peadiatric Surgery; Pelviacetabular Surgery; Periarticular Surgeries; Peripheral Nerve Surgery; Peripheral Vascular Surgery; Peripheral and Endovascular Surgery; Phaco Surgery; Pl Astic Surgery; Prk Surgery; Radiation Surgery; Reconstruction Surgery; Reconstructive Surgery; Refractive Surgeries; Refractive Surgery; Refractive Surgery Services; Robot Assisted Surgery; Robotic Assisted Surgery; Robotic Surgery; Salivary Gland Surgery; Snoring and Sleep Apnoea Surgery; Soft Tissue Sarcoma Surgeries; Spinal Surgery; Stereotactic Radiosurgery; Stereotactic Surgery; Surgery; Thoracic Surgery; Thoracic and Vascular Surgery; Thoracicsurgery; Trans Prk Surgery; Tummy Tuck Surgery; Upper GI and Foregut Surgery; Uro Surgery; Urosurgery; Vascular Endovascular Surgery; Vascular Surgery; Vascular and Endovascular Surgery; Vascular and Thoracic Surgery; Vascularsurgery; Vitrectomy Surgery
Genetics & Reproductive Genomics,9,5000,25000,Planning proxy,AB PM-JAY HBP 2.0 Rate List,https://ayushmanup.in/assets/doc/HBP-2.0-Rate-List.pdf,Cytogenetic; Cytogenetics; DNA Sexing; Genetic Screening; Geneticist; Genetics; Genetics and Rare Diseases; Medical Genetics; Prenatal Genetic Screening
Geriatrics & Palliative Care,9,2500,13000,HBP proxy,AB PM-JAY HBP 2.0 Rate List,https://ayushmanup.in/assets/doc/HBP-2.0-Rate-List.pdf,Geriatric Care; Geriatric Rehabilitation; Geriatrician; Geriatrics; Home Care Services; Home Visits; Old Age Care; Palliative Care; Palliative Rehabilitation and Supportive Care
"Immunology, Allergy & Rheumatology",21,3000,18000,HBP proxy,AB PM-JAY HBP 2.0 Rate List,https://ayushmanup.in/assets/doc/HBP-2.0-Rate-List.pdf,Allergic Diseases; Allergist; Allergistimmunologist; Allergy Clinic; Allergy Immunology Rheumatology; Allergy Testing; Allergy and Immunology; Clinical Immunology; Clinical Immunology Rheumatology; Clinical Immunology and Rheumatology; Immunologist; Immunology; Immunology Lab; Immunology Laboratory; Immunology and Autoimmunity Lab; Inflammatory Diseases; Microbiology and Immunology; Rheumatology; Rheumatology Immunology; Rheumatology and Clinical Immunology; Rheumatology and Immunology
Infectious Disease & Public Health,16,1500,8500,HBP direct/proxy,AB PM-JAY HBP 2.0 Rate List,https://ayushmanup.in/assets/doc/HBP-2.0-Rate-List.pdf,Community Health; Community and Public Health; Epidemic Disease; Epidemiology; Global Health and International Health; Infection Control; Infectious Disease Control; Infectious Diseases; Leprosy Treatment; Preventive and Community; Public Health; Severe Infections; Spinal Infections; Spinal Tuberculosis; Tuberculosis; Vaccinology
Invalid / Non-specialty,4,0,0,Invalid source value,AB PM-JAY HBP 2.0 Rate List,https://ayushmanup.in/assets/doc/HBP-2.0-Rate-List.pdf,107; 2688105583190918; Coordinates8098097229003906; Null
Mental Health & Behavioral,36,2000,13000,HBP proxy,AB PM-JAY HBP 2.0 Rate List,https://ayushmanup.in/assets/doc/HBP-2.0-Rate-List.pdf,Addiction Psychiatry; Anxiety; Anxiety and Depression; Clinical Psychology; Clinicalpsychology; Community and Public Psychiatry; Consultation Liaison Psychiatry; Counseling; Counseling Clinical Psychology; Counselling; Depression; Diet and Nutritional Counselling; Family Counselling; Forensic Psychiatry; Genetic Counselling; Genetic Counselling Screening and Testing; Geriatric Psychiatry; Interventional Psychiatry; Medical Genetics Genetic Counseling; Mental Health Counseling; Mental Health and Behavioural Sciences; Military Psychiatry; Psychiatric Medicine and Psychology; Psychiatric Social Work; Psychiatrist; Psychiatry; Psychiatry Psychology; Psychiatry and Deaddiction Therapy; Psychiatry and Psychology; Psychological Assessment; Psychological Medicine; Psychologist; Psychology; Psychology and Counselling; Psychology and Mental Wellness; Psychotherapy and Counselling
Neurology & Neurosurgery,105,30000,160000,HBP direct/proxy,AB PM-JAY HBP 2.0 Rate List,https://ayushmanup.in/assets/doc/HBP-2.0-Rate-List.pdf,Brain Haemorrhage Stroke; Brain Injury Medicine Pmr; Brain Injury Neurology; Brain Spine Surgery; Cerebrovascular Neurosurgery; Clinical Neurophysiology; Cognitive and Behavioral Neurology; Diagnostic Neurology; ENT and Skull Base Surgery; Endoscopic Minimally Invasive Neurosurgery; Endoscopic Neuro Surgery; Endovascular Neurosurgery; Epilepsy Neurology; Functional Neurological Disorder; Functional Neurosurgery; Interventional Neuro Radiology; Interventional Neurology; Interventional Neuroradiology; Minimal Invasive Neurosurgery; Movement Disorders; Neuro Anaesthesiology; Neuro Anesthesiology; Neuro Endoscopy; Neuro Endoscopy Surgery; Neuro Endovascular Surgery; Neuro Endovascular Therapy; Neuro Imaging; Neuro Immunology; Neuro Intervention; Neuro Medicine; Neuro Muscular Dentistry; Neuro Ophthalmology; Neuro Otolaryngology; Neuro Pathology; Neuro Psychiatry; Neuro Psychology; Neuro Rehabilitation; Neuro Science; Neuro Sciences; Neuro Spinal Surgery; Neuro Surgery; Neuro Urology; Neuro Urology and Urodynamics Centre; Neuro and Spine Surgery; Neuroanesthesiology; Neurodegenerative Disorders; Neuroendocrinology; Neuroendoscopy; Neuroendoscopy Surgery; Neurogenetics and Rare Diseases; Neuroimmunology; Neurointervention; Neurointervention and Stroke; Neurointerventional Surgery; Neurology; Neurology Tests; Neurology and Neurosurgery; Neurologyneurosurgery; Neurolysis Surgery; Neuromodulation; Neuromuscular Dentistry; Neuromuscular Disorders; Neuromuscular Medicine; Neuromuscular Medicine Pmr; Neuromuscular Orthodontics; Neuronavigation; Neuroophthalmology; Neuropelveology; Neurophthalmology; Neurophysiology; Neuroplastic Neurosurgery; Neuroplastic Plastic Surgery; Neuropsychiatry; Neuropsychiatry and Drug De Addiction; Neuroradiology; Neuroscience; Neurosciences; Neurosciences Spinal Disorders; Neurosurgeon; Neurosurgery; Neurosurgery Spine Surgery; Neurosurgery and Spine Surgery; Neurotherapy Naturopathy Centres; Neurotology and Otology; Neurourology; Neurovascular Disorders; Neurovascular Surgery; Other Neuro Psychiatric Disorders; Otologist Neurotologist; Otology and Neurotology; Pain Neurology; Peripheral Nerve Neurosurgery; Skull Base Neurosurgery; Skull Base Surgery; Sleep Medicine Neurology; Spinal Cord Injury; Spinal Cord Injury Medicine; Spinal Cord Stimulation; Spinal Neurosurgery; Spine Neurosurgery; Stroke Centre; Stroke Management; Stroke Rehabilitation; Vascular Neurology; Vascular Neurosurgery
Nutrition & Dietetics,26,1000,6500,Planning proxy,AB PM-JAY HBP 2.0 Rate List,https://ayushmanup.in/assets/doc/HBP-2.0-Rate-List.pdf,Clinical Nutrition; Clinical Nutrition and Dietetics; Clinical Nutrition and Dietitics; Diet and Nutrition; Dietetics; Dietetics Nutrition; Dietetics and Clinical Nutrition; Dietetics and Nutrition; Dietetics and Weight Loss; Dietitian; Dietitian / Nutritionist; Dietitian and Nutritionist; Dietitiannutritionist; Nutrition; Nutrition Dietetic; Nutrition Dietetics; Nutrition Dietician; Nutrition Screening; Nutrition and Diet; Nutrition and Dietary; Nutrition and Dietetic; Nutrition and Dietetics; Nutrition and Wellness; Nutritional Assessment; Nutritionist; Nutritionists
"Obstetrics, Gynecology & Fertility",132,6500,43000,HBP proxy,AB PM-JAY HBP 2.0 Rate List,https://ayushmanup.in/assets/doc/HBP-2.0-Rate-List.pdf,Advanced Male and Female Infertility; Alpha Male Fertility Clinic; Andrology; Andrology An Male Fertility; Andrology Services; Andrology and Embryology; Andrology and Male Fertility; Andrology and Male Infertility Centre; Andrology and Sexology; Andrology and Uro Oncology; Antenatal Care; Antenatal and Postnatal Care; Assisted Fertility; Blastocyst Transfer; Breast Health Gynecology Center; Cosmetic Gynaecology; Cosmetic Gynecology; Ectopic Pregnancy; Egg Donation; Endometriosis; Endoscopic Gynaecology; Era Endometrial Receptivity Array Treatment; Erectile Dysfunction Infertility; Female Infertility Treatment; Fertility; Fertility Centre; Fertility Clinic; Fertility Clinic IVF; Fertility Preservation; Fertility and IVF; Fertility and Reproductive Medicine and Centre for Gynaec Laparoscopy; Genetic Testing Pgta Pgtm; Gynaec Oncology; Gynaecologic Oncology; Gynaecologic Surgery; Gynaecological Oncology; Gynaecology Obstetrics; Gynaecology and Gynae Oncology; Gynaecology and Obstetrics; Gynaecosmastia; Gynecologic Oncologist; Gynecologic Oncology; Gynecological Cancer; Gynecological Oncology; Gynecological Surgery; Gynecological and Laproscopic Surgery; Gynecologist; Gynecologist and Obstetrician; Gynecologistobstetrician; Gynecology; Gynecology Obstetric Surgery; Gynecology Obstetrics; Gynecology and Obstetrics; Gynecology and Obstetrics Surgery; Gynecology and Urogynecology; Gynecomastia; High Risk Pregnancy Care; High Risk Pregnancy and Infertility; IVF; IVF Centre; IVF Fertility Clinic; IVF Treatment; IVF Treatment for Fertility; Icsi; Icsi Treatment; In Vitro Fertilization IVF Specialist; Infertility; Infertility Care; Infertility Center; Infertility Centre; Infertility Clinic; Infertility Evaluation and Treatment; Infertility IVF; Infertility Imaging; Infertility Impotency; Infertility Medicine; Infertility Treatment; Infertility and Artificial Reproductive Techniques; Infertility and IVF; Infertility and Laparoscopic Surgery; Iui; Iui Centre; Iui Treatment; Lactation Consultancy; Male Fertility; Male Infertility; Menopause; Menopause and Midlife Health; Menstrual Problems; Midwifery; Obg; Obgy; Obsterics Gynaecology; Obstetric Anesthesiology; Obstetric and Gynecology; Obstetrics; Obstetrics Gynaecology; Obstetrics Gynecology; Obstetrics and Gynacology; Obstetrics and Gynaecology; Obstetrics and Gynecology; Obstetrics and Maternity Care; Obstetricsgynecology; Oocyte Vitrification; Ovulation Induction; Pcos; Pediatric Adolescent Gynecology; Pediatric and Adolescent Gynecology; Perinatal and Reproductive Psychiatry; Pgs Pgd Screening Treatment; Pgta; Pgtm; Polycystic Ovarian Syndrome Pcos Management; Pregnancy Care; Reconstructive Gynecology; Reproductive Endocrinology and Infertility; Reproductive Medicine; Reproductive Surgery; Semen Analysis; Semen Sperm Freezing; Sperm Retrieval; Tesa; Test Tube Baby; Uro Gynaecological Surgery; Uro Gynaecology; Urogynaecology and Reconstructive Pelvis Surgery; Urogynecology; Urogynecology and Reconstructive Pelvic Surgery; Urogynecology and Reconstructive Pelvis Surgery; Urology and Andrology; Well Women Clinic; Womens Health and Fertility
Oncology & Hematology,161,15000,100000,HBP proxy,AB PM-JAY HBP 2.0 Rate List,https://ayushmanup.in/assets/doc/HBP-2.0-Rate-List.pdf,Benign and Malignant Hematology; Bone Marrow Translant; Bone Marrow Transplant; Bone Marrow Transplantation; Bone Marrow Transplantation Unit; Bone Marrow Transplants; Bone Tumor Treatment; Brain Tumor Surgery; Breast Cancer; Breast Cancer Clinic; Breast Onco Surgery; Breast Oncology and Reconstruction; Breast Surgical Oncology; Breast and Thoracic Oncology; Cancer Care; Cancer Cytogenetics; Cancer Dentistry; Cancer Diagnostics; Cancer Marker; Cancer Oncology; Cancer Palliative Medicine; Cancer Pathology; Cancer Reconstruction; Cancer Registry Epidemiology; Cancer Rehabilitation; Cancer Rehabilitation Centre; Cancer Screening; Cancer Screening Centre; Cancer Staging; Cancer Surgeries; Cancer Surgery; Cancer Vaccination; Car T Cell; Car T Cell Therapy; Clinical Haematology; Clinical Hematology; Clinical Hematology Hemato Oncology; Clinical Oncology; Colorectal Peritoneal Surface Malignancies Crs HIPEC; Community Oncology; Dental Oncology; Dermatologic Oncology; Diagnostic Oncology; Esophageal Stomach Cancer Surgeries; GI Cancer; GI Oncology; GI Uro Oncology; Gastro Intestinal Oncosurgery; Gastro Intestinal and Breast Surgical Oncology; Gastrointestinal Hepatobiliary Oncology; Gastrointestinal Oncology; General and Cancer Surgery; Geriatric Oncology; Gynae Oncology; Gynaeoncology; Gyne Oncology; HIPEC and Peritoneal Surface Malignancy Psm; Haemato Oncology; Haemato Oncology Bone Marrow Transplant; Haematologist; Haematology; Haematology Automation; Haematology Haemato Oncology; Haematology Laboratory; Haematology and Bmt; Haematology and Haemato Oncology; Haematology and Haematoncology; Head Neck Oncologist; Head Neck Oncology; Head and Neck Cancer; Head and Neck Oncologic Surgery; Head and Neck Oncology; Head and Neck Oncosurgery; Head and Neck Surgical Oncology; Hemato Oncology; Hemato Oncology Bmt; Hemato Oncology and Bmt; Hematology; Hematology Hemato Oncology; Hematology Laboratory; Hematology Oncology; Immuno Haematology; Immunohematology Blood Transfusion; Immunohematology and Blood Transfusion; Immunohematologyandbloodtransfusion; Interventional Oncology; Laboratory and Oncopathology; Lacrimal Gland Tumor; Mastectomy In Breast Cancer; Medical Oncology; Molecular Oncology; Musculoskeletal Oncology; Nerve Tumor Treatment; Neuro Oncology; Neuro Oncology Neurosurgery; Nutritional Oncology; Ocular Oncology; Oculoplasty and Ocular Oncology; Oculoplasty and Oncology; Onco Care; Onco Surgery; Onco Surgery Chemo Therapy Unit; Oncoanesthesiology; Oncodermatology; Oncologic Reconstruction; Oncologist; Oncologist Cancer Specialist; Oncology; Oncology Nursing; Oncology Oncology Surgery; Oncology Oncosurgery; Oncology and Onco Surgery; Oncology and Oncology Surgery; Oncology and Oncosurgery; Oncology and Reconstructive Oral and Maxillofacial Surgery; Oncologyoncosurgery; Oncopathology; Oncosurgery; Oral Cancer; Oral Cancer Care; Oral Cancer Detection and Management; Oral Cancer Diagnosis and Treatment; Oral Cancer Screenings; Oral Cancers; Oral Oncology; Orthopaedic Oncology; Orthopaedic Tumor and Oncology; Orthopedic Oncologist; Orthopedic Oncology; Palliative Care and Cancer Pain Management; Palliative Oncology; Peritoneal Surface Malignancies; Peritoneal Surface Malignancy; Podiatric Oncology; Precision Oncology; Preventive Community Oncology; Preventive Oncology; Preventive Oncology and Screening; Prostate Cancer; Psycho Oncology; Radiation Oncologist; Radiation Oncology; Scalp Tumor; Solid Malignancies; Surgical Oncologist; Surgical Oncology; Surgical Oncology and Reconstructive Surgery; Targeted Therapies; Targeted Therapy; Thoracic Cancer; Thoracic Oncology; Tumor Marker; Uro Onco Treatment; Uro Oncology; Uro Oncosurgery; Urologic Oncology; Urological Cancer; Urological Cancer Surgery; Urological Oncology; Urology Oncology; Urooncology
Ophthalmology,160,5000,35000,HBP proxy,AB PM-JAY HBP 2.0 Rate List,https://ayushmanup.in/assets/doc/HBP-2.0-Rate-List.pdf,Age Related Macular Degeneration; Armd Treatment; Binocular Vision Squint; Cataract; Cataract Surgeon; Cataract Surgery; Cataract and Anterior Segment Surgery; Cataract and Lens Implantation; Cataract and Refractive Lens Surgery; Chalazion; Community Ophthalmology; Comprehensive Eye Examination; Comprehensive Eye Examinations; Comprehensive Ophthalmology; Computer Vision Syndrome; Contact Lens and Low Vision Aids; Contact Lens and Low Vision Services; Contoura Lasik; Contoura Vision; Contoura Vision Treatment; Contura Lasik Laser; Cornea Ophthalmology; Cornea Transplantation; Corneal Collagen Cross Linking; Corneal Cross Linking; Corneal Disease; Corneal Transplant Surgery; Corneal Transplantation; Corneal and Scleral Diseases; Diabetic Eye; Diabetic Eye Care; Diabetic Retinopathy; Diagnostic Ophthalmology; Digital Eye Strain; Dry Eye; Dry Eye Clinic; Epiretinal Membrane; Evaporative Dry Eye; Eye Bank; Eye Bank Services; Eye Care; Eye Care Ophthalmology; Eye Checkup; Eye Examination Procedures; Eye Hospital; Eye Prosthesis; Eye Surgeon; General Ophthalmology; Glaucoma; Glaucoma Diagnosis and Treatment; Glaucoma Management; Glaucoma Ophthalmology; Glaucoma Service; Glaucoma Services; Glaucoma Surgeon; Icl; Icl Surgery; Independent Divisions; Keratoconus; Keratoconus Treatment Doctors; Keratoplasty; Laser Eye Surgeries; Laser Eye Surgery; Lasik; Lasik Eye Surgery; Lasik Refractive Eye Surgery; Lasik Refractive Surgery; Lasik Surgery; Lasik Treatment; Lasik and Refractive Surgeries; Lasik and Refractive Surgery; Lazy Eye; Low Vision; Low Vision Aid; Low Vision Aids; Low Vision Aids and Contact Lenses; Low Vision Assessment; Low Vision Care; Low Vision Checkup; Low Vision Clinic; Low Vision Rehabilitation; Low Vision and Rehabilitation; Macular Degeneration; Macular Edema; Macular Hole; Medical Ophthalmology; Medical Retina; Mics Cataract; Myopia; Myopia Clinic; Myopia Management; Myopia Treatment; Occuloplasty; Occuloplasty and Adnexa; Occuloplasty and Cosmetic Enhancements; Ocular Immunology and Uveitis; Ocular Prosthesis; Ocular Prosthetic Clinic; Ocular Prosthetics; Oculoplasty; Oculoplasty Aesthetic Eye Surgery; Oculoplasty and Aesthetic Eye Surgery; Oculoplasty and Prosthetic Eye; Oculoplasty and Reconstructive Orbital Surgery; Ophthalmic Plastic and Facial Aesthetic Surgery; Ophthalmologist; Ophthalmology; Opthalmology; Optical Shop; Optical and Contact Lens; Opticals and Contact Lenses; Optometry; Orbit Oculoplasty and Squint Surgery; Orbit and Occuloplasty; Orbit and Oculoplasty; Orbit and Oculoplasty Department; Peadiatric Ophthalmology; Pre Descemets Endothelial Keratoplasty; Predescemetsendothelialkeratoplasty; Pterygium; Pterygium Pinguecula; Pterygium Surgery; Ptosis Droopy Lid; Refractive Surgery Ophthalmology; Retina Diseases; Retina and Rop; Retina and Uveitis; Retina and Vitreoretinal Ophthalmology; Retinal Detachment; Retinal Diseases; Retinal Laser; Retinology; Retinopathy Prematurity; Retinopathy of Prematurity; Retinopathy of Prematurity Rop; Rop; Scar Revision; Scar Revision Surgery; Specialized Vision Therapy; Squint; Squint Correction; Squint Crossed Eyes; Squint Eye Treatment; Squint Surgery; Squint and Eye Alignment Surgery; Squint and Motility; Strabismus; Uvea Ocular Inflammation; Uvea Ophthalmology; Uveitis Ophthalmology; Uveitis and Ocular Immunology; Vision Correction; Vision Enhancement and Rehabilitation; Vision Rehabilitation; Vision Rehabilitation Services; Vision Therapy; Vision Therapy and Rehabilitation; Vitreo Retinal Surgery; Vitreoretinal; Vitreoretinal Surgery
"Orthopedics, Spine & Sports Medicine",156,15000,82000,HBP proxy,AB PM-JAY HBP 2.0 Rate List,https://ayushmanup.in/assets/doc/HBP-2.0-Rate-List.pdf,Amputee and Prosthetics and Orthotics Rehabilitation; Ankylosing Spondylitis; Arthritis; Arthritis Management; Arthritis Treatment; Arthroplasty; Arthroscopic Ligament Reconstruction; Arthroscopic Rotator Cuff and Slap Tear Repair; Arthroscopic Surgeries; Arthroscopic Surgery; Arthroscopic and Joint Replacement Surgery; Arthroscopic and Spine Surgery; Arthroscopy; Arthroscopy Centre; Arthroscopy Hip; Arthroscopy Knee; Arthroscopy Sports Injury; Arthroscopy Sports Medicine; Arthroscopy and Sports Injuries; Arthroscopy and Sports Medicine; Avascular Necrosis of Hip; Binocular Vision and Orthoptic; Binocular Vision and Orthoptics; Bone; Bone Grafting; Bone Morphogenetic Protein; Bone and Joint; Bone and Joint Centre; Bone and Joints; Cervical Spondylosis; Computer Navigation Joint Replacement; Dentistry Orthodontic; Dentofacial Orthopaedics; Dentofacial Orthopedics; Dentofacial Orthopedist; Elbow Joint Replacement; Endoscopic Assisted Spine Surgery; Facial Fracture Treatment; Foot and Ankle Orthopedic Surgery; Fracture Treatment; Full Endoscopic Spine Surgery; Geriatric Orthopedics; Hip Joint Preservation; Hip Joint Replacement; Hip Knee Reconstructive Surgeon; Hip Preservation; Hip Replacement; Hip Replacement Specialist; Hip Replacement Surgery; Invisalign Orthodontics; Jaw Orthopedics; Joint Dislocation Treatment; Joint Preservation; Joint Preservation Surgery; Joint Reconstruction Surgery; Joint Regeneration; Joint Replacement; Joint Replacement Centre; Joint Replacement Surgeries; Joint Replacement Surgery; Joint Replacement and Spine Surgery; Joint and Replacement Surgery; Jointreplacementsurgery; Keyhole Arthroscopy; Knee Arthroscopy; Knee Joint Preservation; Knee Joint Replacement; Knee Replacement; Knee Replacement Specialist; Knee Replacement Surgery; Knee Shoulder Arthroscropy; Knee Surgery; Knee and Joint Replacement; Limb Lengthening; Limb Reconstruction; Limb Replantation; Limbal Stem Cell Deficiency; Maxilla Fracture Treatment; Minimal Invasive Spine Surgery; Minimally Invasive Orthopaedic Surgery; Minimally Invasive Spine Surgery; Nuclear Medicine and Bone Densitometry; Orth Orthodontics; Orth Orthopedic Surgery; Orth Orthopedic Wrong; Orthodontics; Orthodontics and Clear Aligners; Orthodontics and Dentofacial Orthopaedics; Orthodontics and Dentofacial Orthopedics; Orthodontist; Orthogeriatrics; Orthognathic Surgery; Orthopaedic Rehabilitation; Orthopaedic Robotic Surgery; Orthopaedic Surgery; Orthopaedics; Orthopaedics Joint Replacement; Orthopaedics and Joint Replacement; Orthopaedics and Sports Medicine; Orthopedic Rheumatology; Orthopedic Spine Surgery; Orthopedic Sports Medicine; Orthopedic Surgery; Orthopedic Surgery and Procedures; Orthopedics; Orthopedics Joint Replacement; Orthopedics Sports Medicine; Orthopedics and Joint Replacement; Orthopedics and Joint Replacement Surgery; Orthopedist; Orthoptics; Orthotics Prosthetics; Osteoarthritis Specialist; Osteoporosis; Osteoporosis Management; Osteoporosis Osteoporotic Fracture; Osteoporosis Treatment; Podiary; Podiatric Diabetic Limb Salvage and Wound Care; Podiatric Orthopedics and Biomechanics; Podiatric Sports Medicine; Podiatry; Podiatry Sports Medicine; Presurgical Orthodontics; Prosthetic Orthotic; Prosthetics Orthotics; Prosthetics and Orthotics; Prosthetics and Orthotics Department; Rheumatology and Bone Health; Robotic Hip Replacement; Robotic Joint Replacement; Robotic Joint Replacement Surgery; Robotic Knee Replacement; Robotic Orthopedic Surgery; Shoulder Elbow Orthopedic Surgery; Shoulder Replacement Surgery; Shoulder and Elbow Orthopedic Surgery; Shoulder and Upper Limb Surgery; Slipped Disc; Spine Care; Spine Deformity Connections; Spine Endoscopy; Spine Surgery; Spinesurgery; Spondylosis Spondylolisthesis; Sports Injury; Sports Injury Management; Sports Injury and Sports Medicine; Sports Medicine; Sports Medicine Pmr; Squint Orthoptics; Squint and Orthoptics; Temporomandibular Joint Therapy; Tm Joint Surgery; Total Hip Replacement; Total Knee Replacement
Other / Needs Review,166,1500,13000,Planning proxy,AB PM-JAY HBP 2.0 Rate List,https://ayushmanup.in/assets/doc/HBP-2.0-Rate-List.pdf,Abbe Flap Ca Lip; Adolescence; Anaplastology; Anatomy; Andrologist; Arrhythmias; Asd Vsd Device Closure; Ballistic Gun Shot Injury; Biostatistics; Biostatistics and Data Science; Blood Disease Management; Blood Pressure; Breast Care Clinic; Breast Centre; Breast Health Clinic; CBCT; Ca Maxilla; Carerisk Management of Womens Health; Clinical Hermatology; Clinical Informatics; Clinical Research; Colposcopy; Congenital Deformities; Conservatives; Contact Lens; Cryopreservation; Dance and Movement; Developmental Delay Treatment; Diagnosis and Biopsy; Distraction Osteogenesis; Divyaang; Dry Eyes; Ear Reconstruction; Earwax Removal; Epilepsy Centre; Epileptologist; Facial; Facial Asymmetry Correction; Facial Growth Guidance; Faciomaxillary; Family Planning; Family Planning and Complex Contraception; Family Planning and Contraception; Fluoride Application Sealants; Full Mouth Reconstruction; Fullmouthreconstruction; Gas Acidity; General Anatomy; Genomics; Growth; Growthdisorders; Hemifacial Microsomia; Hormonal Assays; Hormones; Hsg; Hyperlipidaemia Management; Hypertension; Hypertension Management; Hysterectomy; Image Guided Interventions; Inlays and Onlays; Integrative Care; Interventional; Intravitreal Injection; Kaumarabhritya; Keloid Treatment; Koumarbhritya; Kriya Sarira; Laprascopy; Lapsrscopic Nepherctomy; Laser Assisted Hatching; Laser Peel Treatment; Laser Pigmentation Removal; Laser Treatments; Lasers; Lifestyle Diseases; Lymphedema; Medical Department; Medical Physics; Medical Physics and Radiation Safety; Men Intimate Health; Micro Biology; Microbial Keratitis; Migraine Management; Multiple Sclerosis; Myocardial Infarction; Nephritic Syndrome; Nerve Injury; Nevas Removal; Obsessive Compulsive Disorder; Obsessive Compulsive Disorder Ocd; Obsessive Compulsive Disorders; Oestopathy; Open Pores Treatment; Other Diseases; Ovarian Mass; Pacemaker Clinic; Panchkarma; Parkinsons Disease; Pcod Management; Pelvic Acetabular; Pelvic Health and Urogyn Pmr; Pgspgd; Phlebology; Photorefractive Keratectomy; Pilonidal Sinus; Pituitary Disorders; Placental Abruption; Poisoning Snake Bite; Pollicization; Post Surgical; Prasoothi Thanthra; Prasoothithantra; Preventive Care for Seniors; Preventive Health Check Up; Prophylaxis; Prp; Puberty; Pulmanology; Rachanasarira; Reconstruction of Congenital Deformities; Refractive Errors; Refractive Errors Treatment; Replacements; Rft Test; Roganidanam; Sedation for Nervous Patients; Sex Clinic; Sexologist; Sexologists; Sexology; Sexual Disorders; Sexual Problems; Silk; Sleep Disorders; Snake Bite Treatment; Soft Tissue Grafting; Stem Cell Banking; Stem Cell Preservation; Stem Cell Regreneration Cartilage Repair; Stones; Stress Management; Substance Abuse and Addiction Treatment; Substance Use Disorder; Swasthavritta; Tavrtavicentre; Temporomandibular Disorders; Thoracic Syndrome; Thumb Recreation; Tinnitus Management; Tmjdisorderortmd; Tobacco Cessation Clinic; Transforaminal Blocks; Treatment of Headache; Treatment of Migraine; Trichology; Tuboplasty; Type Point; Varicose Veins; Venereal Disease Sexual Problem Treatment; Verrucous Carcinoma; Vertebroplasty; Vitrectomy; Weight Management; Women Mental Health; Wrinkles Treatment
Pediatrics & Neonatology,192,2000,40000,HBP proxy,AB PM-JAY HBP 2.0 Rate List,https://ayushmanup.in/assets/doc/HBP-2.0-Rate-List.pdf,Adolescent Medicine; Adolescent Nutrition and Counseling; Adolescent Paediatrician Councillor; Adolescent Vaccination; Adult and Paediatric Oncology; Carerisk Management of Pediatric Asthma; Child Abuse Pediatrics; Child Adolescent Counselling; Child Dentistry; Child Neurology; Child Nutritionist; Child Psychology; Child and Adolescent Psychiatrist; Child and Adolescent Psychiatry; Childhood Cataracts; Children Dentistry; Children Eye Care; Community Child Health; Dentistry Pediatric Dentistry; Developmental Behavior Pediatrics; Developmental Paediatrics; Developmental Pediatrics; Developmentalbehavioral Pediatrics; Infant and Young Child Nutrition Specialist; Maternal and Child Health; Mother and Child; Neonatal Care; Neonatal Pediatric Surgery; Neonatal Perinatal; Neonatal Perinatal Medicine; Neonatal Surgery; Neonatal and Paediatric Surgery; Neonatal and Paediatrics; Neonatalogy Perinatal Medicine; Neonatology; Neonatology Perinatal Medicine; Neurosurgical Pediatrics; New Born Screening; Nicu Picu Neonatology; Paediatric; Paediatric Bone Marrow Transplant; Paediatric Care; Paediatric Counselling Centre; Paediatric Dentistry; Paediatric Dermatology; Paediatric Dialysis; Paediatric Endocrinology; Paediatric Gastroenterology; Paediatric Gastroentrology and Hepatology; Paediatric Haematology Oncology; Paediatric Haematology Oncology and Bmt; Paediatric Haematology and Bmt; Paediatric Hemato Oncology; Paediatric Hemato Oncology Bmt; Paediatric Hemato Oncology and Bmt; Paediatric Hematology Oncology; Paediatric Medicine; Paediatric Neonatology; Paediatric Nephrology; Paediatric Neurology; Paediatric Neurosciences; Paediatric Neurosurgery; Paediatric Nutrition; Paediatric Oncology; Paediatric Ophthalmology; Paediatric Ophthalmology and Squint; Paediatric Ophthamology; Paediatric Orthopaedic; Paediatric Orthopaedic Surgery; Paediatric Orthopaedics; Paediatric Orthopedics; Paediatric Otolaryngology; Paediatric Plastic Surgery; Paediatric Psychiatry; Paediatric Pulmonology; Paediatric Radiology; Paediatric Refractive Errors; Paediatric Rehabilitation; Paediatric Renal Centre; Paediatric Rheumatology; Paediatric Surgeries; Paediatric Surgery; Paediatric Surgery and Pediatric Urology; Paediatric Urology; Paediatric and Child Care; Paediatrics Neonatal Care; Paediatrics Neonatology; Paediatrics and Neonatology; Paediatrics and Strabismus Ophthalmology; Paedodontics; Paedodontist; Peadiatrics Neonatology; Pediatric Adolescent Endocrinology; Pediatric Allergy and Immunology; Pediatric Anesthesia; Pediatric Anesthesiology; Pediatric Dental; Pediatric Dentistry; Pediatric Dermatology; Pediatric Developmental Disabilities; Pediatric Dialysis; Pediatric ENT; Pediatric Endocrinology; Pediatric Endodontics; Pediatric Endoscopy; Pediatric Eye Care; Pediatric Gastroenterology; Pediatric Genetics and Rare Diseases; Pediatric Haematology; Pediatric Haematology Oncology; Pediatric Head Injury and Burns; Pediatric Hemato Oncology; Pediatric Hematology Oncology; Pediatric Hematooncology; Pediatric Hepatology; Pediatric Hospice and Palliative Medicine; Pediatric Hospital Medicine; Pediatric Immunology and Rheumatology; Pediatric Infectious Diseases; Pediatric Kidney Transplant; Pediatric Liver Transplantation; Pediatric Medical Geneticist; Pediatric Minimally Invasive Surgery; Pediatric Neonatology; Pediatric Neontology; Pediatric Nephrology; Pediatric Neurodevelopmental Disabilities; Pediatric Neurology; Pediatric Neuroradiology; Pediatric Neurosurgery; Pediatric Nutrition Expert; Pediatric Oncology; Pediatric Oncology and Hematology Centre; Pediatric Oncosurgery; Pediatric Ophthalmology; Pediatric Ophthalmology and Squint; Pediatric Opthalmology; Pediatric Orthopaedic; Pediatric Orthopaedic Surgery; Pediatric Orthopedic; Pediatric Orthopedic Surgery; Pediatric Orthopedics; Pediatric Orthopedics Deformity Correction; Pediatric Otolaryngology; Pediatric Plastic Surgery Neurosurgery; Pediatric Plastic Surgery and Neurosurgery; Pediatric Podiatry; Pediatric Pulmonary; Pediatric Pulmonology; Pediatric Radiology; Pediatric Reconstructive Surgery; Pediatric Refractive Laser Eye Surgery; Pediatric Rehabilitation Medicine; Pediatric Rheumatology; Pediatric Rheumatology and Immunology; Pediatric Root Canals and Crown; Pediatric Sleep Medicine; Pediatric Speech Therapy; Pediatric Squint Correction; Pediatric Sst; Pediatric Surgeries; Pediatric Surgery; Pediatric Thoracic Surgery; Pediatric Tuberculosis Treatment; Pediatric Urology; Pediatric and Adolescent Psychiatry; Pediatric and Preventive Dentistry; Pediatric and Strabismus Ophthalmology; Pediatrician; Pediatrics; Pediatrics Infectious Diseases; Pediatrics Neonatalogy; Pediatrics Neonatology; Pediatrics Sports Medicine; Pediatrics Surgery; Pediatrics and Child Care; Pediatrics and Neonatology; Pediatrics and Pediatric Surgery; Pediatrics and Preventive Dentistry; Pediatrics and Strabismus Ophthalmology; Pedodontia; Pedodontics; Pedodontics Dentistry; Pedodontics Or Pediatric Dentistry; Pedodontics and Preventive Dentistry; Pedodontist; Preventive Pediatric Dentistry; Restorative Pediatric Dentistry; Specialised Pediatric Hematology and Oncology Services; Squint Childhood and Adult; Squint and Paediatric Ophthalmology; Squint and Pediatric Ophthalmology
Pulmonology & Respiratory,32,2000,22000,HBP proxy,AB PM-JAY HBP 2.0 Rate List,https://ayushmanup.in/assets/doc/HBP-2.0-Rate-List.pdf,Acute Respiratory Failure Ards; Allergy and Asthma; Allergy and Asthma Specialist; Asthma and Allergy; Carerisk Management of Adult Asthma; Chest Medicine; Chest Physician; Chest Surgery; Chest and Allergy; Interstitial Lung Disease; Interventional Pulmonology; Interventional Pulmonology and Chest Medicine; Laserlungsurgery; Pulmonary; Pulmonary Medicine; Pulmonary Vascular Medicine Specialist; Pulmonary and Sleep Medicine; Pulmonologist; Pulmonology; Pulmonology Pft; Pulmonology Respiratory Care; Pulmonology and Respiratory Medicine; Pulmonologysleepstudy; Respiratory; Respiratory Diseases Management; Respiratory Medicine; Respiratory Medicine and Interventional Pulmonology; Respiratory and Sleep Medicine; Tb and Chest Respiratory; Tuberculosis Tb and Chest; Tuberculosis and Respiratory Diseases; Tuberculosis and Respiratory Medicine Pulmonary Medicine
"Radiology, Imaging & Nuclear Medicine",34,4000,45000,HBP proxy,AB PM-JAY HBP 2.0 Rate List,https://ayushmanup.in/assets/doc/HBP-2.0-Rate-List.pdf,24 Hrs Digital X-Ray; 3D/4D/ Sonography; 3D/4D/ Sonography and Ultrasound; Abdominal Radiology; Angiogram; Balloon Angioplasty; Breast Imaging; Clinical Imaging; Clinical Imaging Interventional Radiology; Color Doppler; DEXA; Feat Scans; Fetal Medicine and Radiology; Fibroscan; Imaging Interventional Radiology; Imaging Tests; Interventional Radiology; Interventional Radiology Imaging Services; Interventional Radiology and Imaging; Mammography; Musculoskeletal Radiology; Nuclear Medicine; Nuclear Medicine and Theranostics; Peripheral Angiography; Radiodiagnosis; Radiofrequency Ablation; Radiology; Radiology Ultrasonology; Sonography; Sonology; Three Dimensional Scanners; Ultrasound; Vascular Surgery and Interventional Radiology; Vascular and Interventional Radiology
"Rehabilitation, Physiotherapy & Allied Health",58,2000,15000,HBP proxy,AB PM-JAY HBP 2.0 Rate List,https://ayushmanup.in/assets/doc/HBP-2.0-Rate-List.pdf,Advanced Physiotherapy; Art Therapy; Articulation Therapy; Autism Therapy; Biofeedback; Botox Therapy; Chemotherapy; Chromotherapy and Magnetotherapy; Developmental Speech and Language Therapy; Developmental Therapy; Electroconvulsive Therapy; Environmental and Occupational Health; Fluency Stuttering Therapy; Full Mouth Rehabilitation; Group Therapy; Hormonal Therapy; Immunotherapy; Ketamine Infusion Therapy; Language Therapy; Laser Therapy Pldd; Learning Disability Test; Lu177 Psma Therapy; Lumbar Puncture and Intrathecal Chemotherapy; Magnet Therapy; Nuclear Therapy; Occupational Health; Occupational Therapist; Occupational Therapy; Occupational and Industrial Hygiene; Occupational and Vocational Rehabilitation; Ozone Therapy; Physiology; Physiothearpy; Physiotheraphy; Physiotherapist; Physiotherapy; Physiotherapy Treatment; Physiotherapy Wellness; Physiotherapy and Rehabilitation; Prosthesis; Prosthetic Rehabilitation; Prosthetics; Prp Therapy; Psychotherapy; Radiation Therapy; Radiotherapy; Rehabilitation; Sensory Integration Therapy; Special Education; Speech Therapist; Speech Therapy; Speech and Language; Speech and Language Therapy; Sport Injury Rehabilitation; Stem Cell Therapy; Transfusion Therapy; Vestibular Rehabilitation; Visual Electro Physiology
"Urology, Nephrology & Transplant",86,6500,75000,HBP proxy,AB PM-JAY HBP 2.0 Rate List,https://ayushmanup.in/assets/doc/HBP-2.0-Rate-List.pdf,Ab Oi Kidney Transplant; Acute Chronic Kidney Failure Hemodialysis; Acute Renal Failure; Chronic Renal Failure; Circumcision; Cystolitholapaxy; Dialysis; Endo Urology; Endourological Surgery; Endourology; Erectile Dysfunction; Female Urogyneacology; Female Urological Disease; Female Urology; Female Urology Centre; Genito Urinary Surgeries; Genitourinary Reconstructive Surgery; Genitourinary Surgery; Haemodialysis; Hematopoietic Stem Cell Transplant; Hydrocele; Kidney Health Centre; Kidney Sciences; Kidney Stone Surgery; Kidney Stones; Kidney Transplant; Kidney Transplant Surgery; Kidney Transplantation; Kidney Transplantation Centre; Laproscopic Urology; Lithotripsy; Lung Transplant; Lung Transplantation; Lung Transplantation Chest Surgery; Minimally Invasive Surgery and Endourology; Multi Visceral and Abdominal Organ Transplant; Multiorgan Transplant; Nephro Surgery; Nephrology; Nephrology Dialysis; Nephrology Including Dialysis; Nephrology Renal Science; Nephrology Transplant Medicine; Nephrology Urology; Nephrology With Dialysis; Nephrology and Dialysis; Nephrology and Renal Science; Nephrology and Renal Transplant; Nephrology and Urology; Nephrologyurology; Nephropathology; Nephrosciences; Nephrosurgery; Nephrotic Syndrome; Organ Transplant; Organ Transplantation; Pancreas Transplantation; Pancreatic Transplantation Centre; Preventive Nephrology; Prostate Bph; Prostate Disease Management; Prostate Surgery; Reconstructive Urology; Renal Care; Renal Sciences; Renal Sciences and Kidney Transplant; Renal Transplantation; Renal Transplantation Urology; Robotic Urology; Solid Organ Transplantation; Stem Cell Transplant; Stem Cell Transplantation; Stricture Urethra; Transplant Anesthesiology; Transplant Immunology Immunogenetics; Transplant Immunology and Immunogenetics; Transplant Surgery; Urethral Structure Disease Oiu Urethroplast; Urinary Incontinence; Urological Surgery; Urology; Urology Nephrology; Urology Reconstructive Uro Surgery; Urology Renal Transplant; Urology Renal Transplant Surgery; Urology and Nephrology
Vascular & Endovascular,5,25000,120000,HBP proxy,AB PM-JAY HBP 2.0 Rate List,https://ayushmanup.in/assets/doc/HBP-2.0-Rate-List.pdf,Microvascular; Peripheral Vascular and Endovascular Sciences; Vascular Diseases; Vascular Interventions; Vascular Sciences
